Crisp Creations,+83319996812,Vietnam,34242₽,development
Classy Collections,+80591764549,Marshall Islands,79687₽,library
Posh Patterns,+61387912547,Marshall Islands,51855₽,computer
Chic Couture,+11893611751,Denmark,37165₽,mixture
Modern Maven,+78593731508,Albania,63027₽,dad
Chic Couture,+26166622172,Tunisia,87288₽,concept
Stellar Stitches,+56265951453,Canada,71752₽,explanation
Brow Boosters,+51820253601,Hungary,89189₽,tea
Nail Nook,+66698837384,Maldives,96032₽,contribution
Stellar Stitches,+71749035208,Lesotho,54415₽,mode
Lash Lounge,+70672559600,Philippines,11046₽,weakness
Beauty Bar,+56734382817,Rwanda,40259₽,homework
Urban Upmarket,+52357724610,Ethiopia,68871₽,drama
Modern Maven,+13194458472,Czech Republic,66231₽,affair
Chic Couture,+79606879893,Senegal,82980₽,distribution
Elegant Ensembles,+45462016340,Palau,91359₽,series
Elite Elegance,+62238717220,Laos,45039₽,map
Crisp Creations,+34369379669,Montenegro,46206₽,revolution
Body Bliss,+50740326398,Iran,10774₽,cigarette
Fine Fabrics,+71625470850,Poland,64718₽,selection
Skin Studio,+41477982108,Maldives,36553₽,departure
Fine Fabrics,+64873813618,Algeria,75075₽,enthusiasm
Nail Nook,+2114962916,Iran,14961₽,agreement
Fashion Forward,+7746165439,Greece,49675₽,signature
Elegant Ensembles,+94696484679,Ghana,24092₽,proposal
Chic Couture,+65116638666,Sri Lanka,24535₽,drawer
Lash Lounge,+93731417616,Burkina Faso,21535₽,administration
Glamour Galore,+66120444286,Kazakhstan,31003₽,perception
Elegant Ensembles,+3960108349,Solomon Islands,89782₽,development
Dapper Designs,+22853317639,Swaziland,29460₽,development
Modern Maven,+47806453839,El Salvador,51736₽,family
Makeup Maven,+40382173515,United Arab Emirates,79973₽,elevator
Modish Mannequins,+1477995642,Slovakia,14727₽,hat
Glamour Galore,+50781977394,Sudan,41383₽,advice
Trendy Threads,+3935228789,Ghana,78723₽,drawer
Lash Lounge,+99139346016,Senegal,86822₽,buyer
Classy Chic,+33269716359,Italy,45088₽,enthusiasm
Urban Upmarket,+7251474932,Vatican City (Holy See),46141₽,enthusiasm
Clipper Cuts,+71226234900,Lebanon,61908₽,employment
Modern Maven,+61851416243,Andorra,88166₽,revenue
Body Bliss,+5755920894,Saint Lucia,75266₽,nature
Classy Chic,+9396491238,Egypt,20997₽,buyer
Fine Fabrics,+2413259647,Lebanon,91398₽,cigarette
Glamour Galore,+19125125235,Kazakhstan,68881₽,death
Stylish Silhouettes,+49108228717,"Korea, South",46969₽,analyst
Classy Chic,+17904492881,Portugal,53482₽,user
Dapper Designs,+85276207979,Israel,32577₽,employment
Crisp Creations,+10894562054,Tajikistan,17948₽,preparation
Skin Studio,+79814493492,El Salvador,16559₽,contribution
Classy Chic,+25679246000,Solomon Islands,60786₽,signature
Elite Elegance,+76558598576,Lebanon,31039₽,steak
Elegant Ensembles,+29229371055,Bangladesh,19610₽,wood
Dapper Designs,+57588730666,Kazakhstan,56357₽,organization
Clipper Cuts,+40250800763,Lithuania,79313₽,classroom
Stellar Stitches,+93780677074,New Zealand,18335₽,organization
Glamour Galore,+21513311168,Barbados,56932₽,analyst
